Date,GOOGL,AMZN,META,MSFT,AAPL
2022-01-03,144.63336181640625,170.4044952392578,337.5237731933594,326.94085693359375,179.27359008789062
2022-01-04,144.04283142089844,167.52200317382812,335.519775390625,321.3347473144531,176.9983367919922
2022-01-05,137.43467712402344,164.35699462890625,323.1968994140625,308.9993896484375,172.2902069091797
2022-01-06,137.40725708007812,163.25399780273438,331.46197509765625,306.5577087402344,169.41409301757812
2022-01-07,136.67855834960938,162.5540008544922,330.79400634765625,306.7139587402344,169.58154296875
2022-01-10,138.3269805908203,161.48599243164062,327.0851745605469,306.9385681152344,169.6012420654297
2022-01-11,139.39083862304688,165.36199951171875,333.36627197265625,307.632080078125,172.44778442382812
2022-01-12,141.08114624023438,165.20700073242188,332.25958251953125,310.84527587890625,172.89102172851562
2022-01-13,138.24468994140625,161.21400451660156,325.4999694824219,297.68951416015625,169.6012420654297
2022-01-14,139.13597106933594,162.13800048828125,330.9036865234375,302.9635925292969,170.46803283691406
2022-01-18,135.66207885742188,158.91749572753906,317.1949768066406,295.58966064453125,167.24720764160156
2022-01-19,134.7827606201172,156.2989959716797,318.6306457519531,296.2537841796875,163.7308349609375
2022-01-20,132.9782257080078,151.66749572753906,315.6097106933594,294.56414794921875,162.0366973876953
2022-01-21,130.02952575683594,142.64300537109375,302.2599182128906,289.1241149902344,159.96827697753906
2022-01-24,130.4809112548828,144.54400634765625,307.78326416015625,289.4562072753906,159.1901397705078
2022-01-25,126.6214599609375,139.98599243164062,299.2489929199219,281.75994873046875,157.37783813476562
2022-01-26,128.91378784179688,138.87249755859375,293.7455749511719,289.7882385253906,157.2891845703125
2022-01-27,128.6863555908203,139.6374969482422,293.75555419921875,292.8452453613281,156.82626342773438
2022-01-28,133.0216064453125,143.97799682617188,300.8043212890625,301.06884765625,167.76919555664062
2022-01-31,134.96929931640625,149.57350158691406,312.3196105957031,303.725341796875,172.15231323242188
2022-02-01,137.30401611328125,151.19349670410156,318.04241943359375,301.55718994140625,171.98486328125
2022-02-02,147.63442993164062,150.6125030517578,322.0304260253906,306.1474609375,173.19635009765625
2022-02-03,142.73655700683594,138.8455047607422,237.04627990722656,294.2223205566406,170.30056762695312
2022-02-04,142.93907165527344,157.63949584960938,236.3782958984375,298.80291748046875,170.0146026611328
2022-02-07,138.857177734375,157.9355010986328,224.23486328125,293.9293212890625,169.29461669921875
2022-02-08,139.05467224121094,161.4134979248047,219.51904296875,297.4551086425781,172.4209747314453
2022-02-09,141.24224853515625,161.1894989013672,231.30355834960938,303.95001220703125,173.85098266601562
2022-02-10,138.27760314941406,159.0034942626953,227.38539123535156,295.325927734375,169.74830627441406
2022-02-11,133.95082092285156,153.2935028076172,218.89093017578125,288.1572265625,166.31626892089844
2022-02-14,135.1912384033203,155.16700744628906,217.0465087890625,288.1181335449219,166.5529327392578
2022-02-15,136.2710723876953,156.510498046875,220.3365936279297,293.4605407714844,170.40904235839844
2022-02-16,137.3977813720703,158.10049438476562,215.8899688720703,293.11798095703125,170.17234802246094
2022-02-17,132.21160888671875,154.65249633789062,207.08648681640625,284.534912109375,166.5529327392578
2022-02-18,130.08090209960938,152.60150146484375,205.54115295410156,281.7944641113281,164.9947052001953
2022-02-22,129.49285888671875,150.19749450683594,201.473388671875,281.5889892578125,162.05581665039062
2022-02-23,127.2728500366211,144.82699584960938,197.85427856445312,274.2977294921875,157.86434936523438
2022-02-24,132.3632354736328,151.35800170898438,206.97682189941406,288.3125915527344,160.49752807617188
2022-02-25,134.12738037109375,153.7884979248047,209.84815979003906,290.9747009277344,162.5784912109375
2022-02-28,134.72340393066406,153.56300354003906,210.39651489257812,292.4231262207031,162.84474182128906
2022-03-01,133.7303466796875,151.14199829101562,202.879150390625,288.6649169921875,160.9512176513672
2022-03-02,134.23910522460938,152.05250549316406,207.48529052734375,293.79327392578125,164.26490783691406
2022-03-03,133.56875610351562,147.89849853515625,202.3607177734375,289.6142578125,163.93943786621094
2022-03-04,131.58067321777344,145.64100646972656,199.45944213867188,283.6833801269531,160.92161560058594
2022-03-07,126.06634521484375,137.4530029296875,186.90724182128906,272.96673583984375,157.1049346923828
2022-03-08,126.7905502319336,136.01449584960938,189.71876525878906,269.9719543457031,155.2705841064453
2022-03-09,133.09043884277344,139.2790069580078,197.90414428710938,282.35235595703125,160.70465087890625
2022-03-10,132.10240173339844,146.8175048828125,194.6240234375,279.50433349609375,156.335693359375
2022-03-11,129.54971313476562,145.52450561523438,187.0468292236328,274.10198974609375,152.59791564941406
2022-03-14,125.639892578125,141.85299682617188,186.06976318359375,270.54937744140625,148.54454040527344
2022-03-15,128.8788604736328,147.3665008544922,191.45355224609375,281.0310974121094,152.9529266357422
2022-03-16,132.9512939453125,153.10400390625,203.01873779296875,288.11688232421875,157.3909149169922
2022-03-17,133.5084228515625,157.23899841308594,207.21609497070312,288.9291687011719,158.40676879882812
2022-03-18,135.7892608642578,161.25050354003906,215.8401336669922,294.0281677246094,161.720458984375
2022-03-21,135.76531982421875,161.4915008544922,210.85513305664062,292.7852783203125,163.10118103027344
2022-03-22,139.52252197265625,164.88900756835938,215.99964904785156,297.580810546875,166.49378967285156
2022-03-23,137.9339599609375,163.4080047607422,212.81922912597656,293.108154296875,167.86463928222656
2022-03-24,141.22232055664062,163.64950561523438,218.910888671875,297.61993408203125,171.6714324951172
2022-03-25,141.32305908203125,164.77349853515625,221.15414428710938,297.2088623046875,172.31246948242188
2022-03-28,141.10610961914062,168.99049377441406,222.91880798339844,304.079345703125,173.1803741455078
2022-03-29,142.15350341796875,169.31500244140625,229.1699981689453,308.6889953613281,176.49407958984375
2022-03-30,141.58790588378906,166.30099487304688,227.16603088378906,307.1719665527344,175.32046508789062
2022-03-31,138.7239990234375,162.99749755859375,221.69252014160156,301.7402648925781,172.20399475097656
2022-04-01,139.8043212890625,163.55999755859375,224.175048828125,302.8265686035156,171.90809631347656
2022-04-04,142.61834716796875,168.34649658203125,233.18789672851562,308.2583312988281,175.98121643066406
2022-04-05,140.24374389648438,164.05499267578125,231.14402770996094,304.2554931640625,172.6477813720703
2022-04-06,136.21072387695312,158.75599670410156,222.62969970703125,293.11798095703125,169.46229553222656
2022-04-07,135.5528564453125,157.7845001220703,222.28073120117188,294.9481506347656,169.76800537109375
2022-04-08,132.95828247070312,154.4604949951172,221.66261291503906,290.6419677734375,167.7462615966797
2022-04-11,128.50531005859375,151.1219940185547,215.8102264404297,279.1814270019531,163.46607971191406
2022-04-12,127.39904022216797,150.78750610351562,213.4971923828125,276.04962158203125,165.34974670410156
2022-04-13,129.57315063476562,155.54100036621094,214.3446502685547,281.4910888671875,168.052001953125
2022-04-14,126.41697692871094,151.7064971923828,209.54905700683594,273.86712646484375,163.01239013671875
2022-04-18,127.36113739013672,152.78500366210938,210.13729858398438,274.5424499511719,162.7954559326172
2022-04-19,129.68788146972656,158.11549377441406,216.6576690673828,279.22052001953125,165.0933074951172
2022-04-20,127.7237319946289,153.9980010986328,199.81837463378906,280.2579650878906,164.9256591796875
2022-04-21,124.5062026977539,148.29600524902344,187.50546264648438,274.8262939453125,164.1268310546875
2022-04-22,119.33999633789062,144.35000610351562,183.5573272705078,268.19073486328125,159.5606231689453
2022-04-25,122.7699966430664,146.07400512695312,186.42869567871094,274.7381896972656,160.63563537597656
2022-04-26,118.35693359375,139.39100646972656,180.4068145751953,264.46197509765625,154.63938903808594
2022-04-27,114.0121841430664,138.16700744628906,174.42481994628906,277.1849365234375,154.41258239746094
2022-04-28,118.22974395751953,144.59649658203125,205.11244201660156,283.4582824707031,161.3851318359375
2022-04-29,113.82763671875,124.28150177001953,199.86822509765625,271.60638427734375,155.47767639160156
2022-05-02,116.29502868652344,124.5,210.49623107910156,278.4082946777344,155.78341674804688
2022-05-03,117.04418182373047,124.25350189208984,211.39352416992188,275.7756042480469,157.28245544433594
2022-05-04,121.9590072631836,125.92849731445312,222.73934936523438,283.8009033203125,163.73233032226562
2022-05-05,116.21772766113281,116.40699768066406,207.65478515625,271.44000244140625,154.6098175048828
2022-05-06,115.4605941772461,114.77249908447266,203.15830993652344,268.8758239746094,155.34068298339844
2022-05-09,112.23309326171875,108.78900146484375,195.62103271484375,258.9421081542969,150.18505859375
2022-05-10,114.11243438720703,108.85900115966797,197.0566864013672,263.7572021484375,152.60484313964844
2022-05-11,113.32189178466797,105.37200164794922,188.17343139648438,254.99794006347656,144.69361877441406
2022-05-12,112.56526947021484,106.93049621582031,190.6659393310547,249.90878295898438,140.8022003173828
2022-05-13,115.76385498046875,113.05500030517578,198.0237579345703,255.5557861328125,145.29608154296875
2022-05-16,114.16231536865234,110.81050109863281,199.43951416015625,255.92771911621094,143.74542236328125
2022-05-17,116.185302734375,115.36849975585938,202.0117645263672,261.1343688964844,147.3998260498047
2022-05-18,111.62310028076172,107.11250305175781,191.66293334960938,249.2449951171875,139.08363342285156
2022-05-19,110.1113510131836,107.31900024414062,190.7157745361328,248.32289123535156,135.6564483642578
2022-05-20,108.63899230957031,107.59100341796875,192.95901489257812,247.75392150878906,135.89346313476562
2022-05-23,111.21261596679688,107.55699920654297,195.64093017578125,255.68997192382812,141.34539794921875
2022-05-24,105.708251953125,104.0999984741211,180.73582458496094,254.67955017089844,138.6293182373047
2022-05-25,105.54365539550781,106.7750015258789,183.27816772460938,257.52435302734375,138.787353515625
2022-05-26,107.5262451171875,111.07749938964844,191.05474853515625,260.840087890625,142.0071563720703
2022-05-27,112.03907775878906,115.14649963378906,194.54425048828125,268.0403747558594,147.7948760986328
2022-05-31,113.48100280761719,120.20950317382812,193.05873107910156,266.6964416503906,147.00474548339844
2022-06-01,113.61067962646484,121.68399810791016,188.07373046875,267.23602294921875,146.87637329101562
2022-06-02,117.33196258544922,125.51100158691406,198.26304626464844,269.3548889160156,149.34552001953125
2022-06-03,114.2580795288086,122.3499984741211,190.2073211669922,264.8816833496094,143.58740234375
2022-06-06,116.53195190429688,124.79000091552734,193.66688537597656,263.6358337402344,144.3380126953125
2022-06-07,116.8601303100586,123.0,195.06268310546875,267.31439208984375,146.87637329101562
2022-06-08,116.90452575683594,121.18000030517578,196.0497283935547,265.2642517089844,146.1355743408203
2022-06-09,114.55184936523438,116.1500015258789,183.44766235351562,259.751220703125,140.88121032714844
2022-06-10,110.88692474365234,109.6500015258789,175.04296875,248.17576599121094,135.43914794921875
2022-06-13,106.12970733642578,103.66999816894531,163.76690673828125,237.64993286132812,130.25389099121094
2022-06-14,106.451904296875,102.30999755859375,163.23849487304688,239.83749389648438,131.12298583984375
2022-06-15,109.49337768554688,107.66999816894531,168.84165954589844,246.96914672851562,133.76010131835938
2022-06-16,105.77159881591797,103.66000366210938,160.38710021972656,240.308349609375,128.456298828125
2022-06-17,106.87885284423828,106.22000122070312,163.2484893798828,242.93734741210938,129.9378204345703
2022-06-21,111.26848602294922,108.68000030517578,156.57855224609375,248.91148376464844,134.19467163085938
2022-06-22,111.21212005615234,108.94999694824219,155.38217163085938,248.31307983398438,133.68109130859375
2022-06-23,111.96475219726562,112.44000244140625,158.27346801757812,253.93406677246094,136.56507873535156
2022-06-24,117.68359375,116.45999908447266,169.6492156982422,262.6058654785156,139.91329956054688
2022-06-27,115.5473861694336,113.22000122070312,168.98121643066406,259.84930419921875,139.91329956054688
2022-06-28,111.7308349609375,107.4000015258789,160.19766235351562,251.59933471679688,135.74530029296875
2022-06-29,111.42559051513672,108.91999816894531,163.4478759765625,255.30743408203125,137.51324462890625
2022-06-30,108.69384765625,106.20999908447266,160.7659454345703,251.94265747070312,135.03419494628906
2022-07-01,108.46891021728516,109.55999755859375,159.5496063232422,254.64035034179688,137.2169647216797
2022-07-05,112.98323059082031,113.5,167.68511962890625,257.84814453125,139.8145294189453
2022-07-06,114.28900146484375,114.33000183105469,169.26039123535156,261.1441345214844,141.15773010253906
2022-07-07,118.4896011352539,116.33000183105469,171.67312622070312,263.2925109863281,144.54547119140625
2022-07-08,119.0586929321289,115.54000091552734,170.36705017089844,262.5666198730469,145.22694396972656
2022-07-11,115.39077758789062,111.75,162.39105224609375,259.4765319824219,143.0836944580078
2022-07-12,113.7388687133789,109.22000122070312,162.77989196777344,248.84280395507812,144.0615234375
2022-07-13,111.07845306396484,110.4000015258789,162.99923706054688,247.91087341308594,143.69606018066406
2022-07-14,110.09488677978516,110.62999725341797,157.5755615234375,249.2449951171875,146.6393280029297
2022-07-15,111.50140380859375,113.55000305175781,164.20559692382812,251.83477783203125,148.31834411621094
2022-07-18,108.76068878173828,113.76000213623047,166.72799682617188,249.41175842285156,145.25656127929688
2022-07-19,113.52887725830078,118.20999908447266,175.25234985351562,254.59130859375,149.1381378173828
2022-07-20,113.61866760253906,122.7699966430664,182.54037475585938,257.2791748046875,151.15293884277344
2022-07-21,114.05757141113281,124.62999725341797,182.62014770507812,259.8002624511719,153.43447875976562
2022-07-22,107.63348388671875,122.41999816894531,168.7618865966797,255.40548706054688,152.1900177001953
2022-07-25,107.24444580078125,121.13999938964844,166.1497344970703,253.90463256835938,151.06407165527344
2022-07-26,104.76058959960938,114.80999755859375,158.67225646972656,247.1064910888672,149.73072814941406
2022-07-27,112.7807388305664,120.97000122070312,169.07095336914062,263.62603759765625,154.8567352294922
2022-07-28,113.93787384033203,122.27999877929688,160.237548828125,271.15008544921875,155.4098358154297
2022-07-29,116.03268432617188,134.9499969482422,158.62240600585938,275.3976745605469,160.50619506835938
2022-08-01,114.57628631591797,135.38999938964844,159.44992065429688,272.71966552734375,159.5185089111328
2022-08-02,114.84561920166016,134.16000366210938,159.70913696289062,269.59033203125,158.03701782226562
2022-08-03,117.78834533691406,139.52000427246094,168.2932891845703,277.0947265625,164.0815887451172
2022-08-04,117.89806365966797,142.57000732421875,170.0579833984375,278.2523193359375,163.76548767089844
2022-08-05,117.17984008789062,140.8000030517578,166.60836791992188,277.5263977050781,163.5380401611328
2022-08-08,117.01026916503906,139.41000366210938,169.7389373779297,274.9857482910156,163.06324768066406
2022-08-09,116.34191131591797,137.8300018310547,168.02410888671875,276.9280090332031,163.11273193359375
2022-08-10,119.40433502197266,142.69000244140625,177.8046417236328,283.657470703125,167.38539123535156
2022-08-11,118.54645538330078,140.63999938964844,176.9571990966797,281.55816650390625,166.64361572265625
2022-08-12,121.37944793701172,143.5500030517578,179.9581756591797,286.35516357421875,170.21405029296875
2022-08-15,121.7784652709961,143.17999267578125,180.3470001220703,287.88543701171875,171.29212951660156
2022-08-16,121.39939880371094,144.77999877929688,178.93125915527344,287.139892578125,171.1338653564453
2022-08-17,119.25471496582031,142.10000610351562,174.32513427734375,286.3829040527344,172.63720703125
2022-08-18,119.87317657470703,142.3000030517578,174.1356964111328,285.25250244140625,172.24159240722656
2022-08-19,116.92048645019531,138.22999572753906,167.455810546875,281.30047607421875,169.64039611816406
2022-08-22,113.95782470703125,133.22000122070312,162.560546875,273.0429382324219,165.73370361328125
2022-08-23,113.57876586914062,133.6199951171875,160.62637329101562,271.755126953125,165.39739990234375
2022-08-24,113.4091796875,133.8000030517578,162.76991271972656,271.1160888671875,165.69410705566406
2022-08-25,116.36186981201172,137.27999877929688,168.27334594726562,274.124267578125,168.16676330566406
2022-08-26,110.06745147705078,130.75,161.2943572998047,263.546630859375,161.82696533203125
2022-08-29,109.14972686767578,129.7899932861328,158.6921844482422,260.735107421875,159.61151123046875
2022-08-30,108.67091369628906,128.72999572753906,156.688232421875,258.5133972167969,157.16859436035156
2022-08-31,107.95269012451172,126.7699966430664,162.44090270996094,257.038818359375,155.49710083007812
2022-09-01,109.46894073486328,127.81999969482422,164.86361694335938,255.98690795898438,156.22900390625
2022-09-02,107.58360290527344,127.51000213623047,159.83876037597656,251.72048950195312,154.10255432128906
2022-09-06,106.54617309570312,126.11000061035156,158.06407165527344,248.95811462402344,152.83657836914062
2022-09-07,109.17964935302734,129.47999572753906,159.90853881835938,253.71612548828125,154.25091552734375
2022-09-08,108.11228942871094,129.82000732421875,161.57351684570312,254.1387939453125,152.7673797607422
2022-09-09,110.37669372558594,133.27000427246094,168.64224243164062,259.9781188964844,155.6454620361328
2022-09-12,110.58616638183594,136.4499969482422,168.45281982421875,262.13104248046875,161.63906860351562
2022-09-13,104.06232452392578,126.81999969482422,152.6703338623047,247.719482421875,152.15414428710938
2022-09-14,104.74064636230469,128.5500030517578,151.0153045654297,247.94557189941406,153.60804748535156
2022-09-15,102.65581512451172,126.27999877929688,149.10107421875,241.22149658203125,150.7002716064453
2022-09-16,102.54608154296875,123.52999877929688,145.85086059570312,240.5923614501953,149.04855346679688
2022-09-19,102.81541442871094,124.66000366210938,147.57566833496094,240.37608337402344,152.78713989257812
2022-09-20,100.89018249511719,122.19000244140625,145.65145874023438,238.34115600585938,155.18060302734375
2022-09-21,99.0347671508789,118.54000091552734,141.69337463378906,234.9004669189453,152.03546142578125
2022-09-22,99.89264678955078,117.30999755859375,142.3912811279297,236.89605712890625,151.0662078857422
2022-09-23,98.49610900878906,113.77999877929688,139.988525390625,233.88792419433594,148.78150939941406
2022-09-26,97.9275131225586,115.1500015258789,135.96063232421875,233.42587280273438,149.11781311035156
2022-09-27,97.25917053222656,114.41000366210938,133.99655151367188,232.40350341796875,150.0969696044922
2022-09-28,99.8028793334961,118.01000213623047,141.18492126464844,236.9845428466797,148.19798278808594
2022-09-29,97.17936706542969,114.80000305175781,136.00051879882812,233.4750518798828,140.9186553955078
2022-09-30,95.41374206542969,113.0,135.272705078125,228.95298767089844,136.68556213378906
2022-10-03,98.39635467529297,115.87999725341797,138.1939239501953,236.66014099121094,140.8889617919922
2022-10-04,101.38894653320312,121.08999633789062,139.85890197753906,244.6621856689453,144.4989776611328
2022-10-05,101.17945861816406,120.94999694824219,138.56280517578125,244.9767608642578,144.79568481445312
2022-10-06,101.16948699951172,120.30000305175781,138.6525421142578,242.60760498046875,143.8363037109375
2022-10-07,98.4362564086914,114.55999755859375,133.0493927001953,230.2703094482422,138.55482482910156
2022-10-10,97.6182861328125,113.66999816894531,133.3883819580078,225.36483764648438,138.88121032714844
2022-10-11,96.9399642944336,112.20999908447266,128.1541290283203,221.58993530273438,137.45700073242188
2022-10-12,97.31902313232422,112.9000015258789,127.11726379394531,221.9241485595703,136.8240203857422
2022-10-13,98.8153076171875,112.52999877929688,129.89889526367188,230.2703094482422,141.42306518554688
2022-10-14,96.32148742675781,106.9000015258789,126.37948608398438,224.68655395507812,136.8635711669922
2022-10-17,99.72307586669922,113.79000091552734,133.63763427734375,233.50453186035156,140.84939575195312
2022-10-18,100.5210952758789,116.36000061035156,132.40135192871094,234.4580841064453,142.17474365234375
2022-10-19,99.3839111328125,115.06999969482422,132.830078125,232.47230529785156,142.28353881835938
2022-10-20,99.72307586669922,115.25,131.1351776123047,232.1479034423828,141.81866455078125
2022-10-21,100.88019561767578,119.31999969482422,129.61973571777344,238.01673889160156,145.65615844726562
2022-10-24,102.26676940917969,119.81999969482422,129.3306121826172,243.059814453125,147.812255859375
2022-10-25,104.22193145751953,120.5999984741211,137.0972137451172,246.41200256347656,150.6705780029297
2022-10-26,94.69551849365234,115.66000366210938,129.4302978515625,227.39979553222656,147.71336364746094
2022-10-27,91.9922103881836,110.95999908447266,97.64599609375,222.9072265625,143.2132568359375
2022-10-28,96.05216217041016,103.41000366210938,98.90221405029297,231.87266540527344,154.03335571289062
2022-10-31,94.27655792236328,102.44000244140625,92.8803482055664,228.19606018066406,151.6596221923828
2022-11-01,90.24653625488281,96.79000091552734,94.91421508789062,224.3031463623047,148.99911499023438
2022-11-02,86.75518035888672,92.12000274658203,90.2682113647461,216.36993408203125,143.44068908691406
2022-11-03,83.22392272949219,89.30000305175781,88.64310455322266,210.61907958984375,137.35809326171875
2022-11-04,86.36614990234375,90.9800033569336,90.51747131347656,217.6380615234375,137.09060668945312
2022-11-07,88.27142333984375,90.52999877929688,96.42967224121094,224.00823974609375,137.6255645751953
2022-11-08,88.68041229248047,89.9800033569336,96.18041229248047,224.9912872314453,138.20016479492188
2022-11-09,87.10430908203125,86.13999938964844,101.1654052734375,220.70516967773438,133.61331176757812
2022-11-10,93.70796966552734,96.62999725341797,111.53418731689453,238.8621826171875,145.50149536132812
2022-11-11,96.17186737060547,100.79000091552734,112.68073272705078,242.92218017578125,148.30514526367188
2022-11-14,95.46360778808594,98.48999786376953,113.87713623046875,237.45639038085938,146.89837646484375
2022-11-15,98.19685363769531,98.94000244140625,116.72855377197266,237.8692626953125,148.64195251464844
2022-11-16,98.6058349609375,97.12000274658203,112.89009857177734,238.3030242919922,147.40359497070312
2022-11-17,98.11705017089844,94.8499984741211,111.11544036865234,238.2537384033203,149.31564331054688
2022-11-18,97.18933868408203,94.13999938964844,111.7136459350586,237.80026245117188,149.8803253173828
2022-11-21,95.36386108398438,92.45999908447266,109.53022003173828,238.61851501464844,146.63087463378906
2022-11-22,96.8102798461914,93.19999694824219,111.10548400878906,241.55624389648438,148.78067016601562
2022-11-23,98.21680450439453,94.12999725341797,111.903076171875,244.07009887695312,149.66238403320312
2022-11-25,97.21926879882812,93.41000366210938,111.07556915283203,243.9813995361328,146.72994995117188
2022-11-28,95.81275939941406,93.94999694824219,108.45345306396484,238.33261108398438,142.87619018554688
2022-11-29,94.95487976074219,92.41999816894531,109.13141632080078,236.92288208007812,139.8546142578125
2022-11-30,100.74054718017578,96.54000091552734,117.74547576904297,251.52291870117188,146.6506805419922
2022-12-01,100.74054718017578,95.5,120.07846069335938,251.07928466796875,146.92808532714844
2022-12-02,100.19190979003906,94.12999725341797,123.11930084228516,251.40464782714844,146.43275451660156
2022-12-05,99.23428344726562,91.01000213623047,122.06248474121094,246.65298461914062,145.26376342773438
2022-12-06,96.7404556274414,88.25,113.77743530273438,241.64495849609375,141.5784149169922
2022-12-07,94.70549774169922,88.45999908447266,113.58799743652344,240.90560913085938,139.6267852783203
2022-12-08,93.47853088378906,90.3499984741211,114.98379516601562,243.8926544189453,141.32081604003906
2022-12-09,92.6007080078125,89.08999633789062,115.55208587646484,241.9407196044922,140.8354034423828
2022-12-12,93.07951354980469,90.55000305175781,114.36565399169922,248.9302215576172,143.14369201660156
2022-12-13,95.39379119873047,92.48999786376953,119.78933715820312,253.27769470214844,144.11456298828125
2022-12-14,94.83517456054688,91.58000183105469,121.2249984741211,253.5734405517578,141.87562561035156
2022-12-15,90.63557434082031,88.44999694824219,115.80134582519531,245.47982788085938,135.22811889648438
2022-12-16,90.03705596923828,87.86000061035156,119.07148742675781,241.2210693359375,133.2566680908203
2022-12-19,88.22154998779297,84.91999816894531,114.1363525390625,237.04116821289062,131.1365966796875
2022-12-20,88.80010986328125,85.19000244140625,116.7385025024414,238.37205505371094,131.0672607421875
2022-12-21,89.35873413085938,86.7699966430664,119.40049743652344,240.96475219726562,134.18789672851562
2022-12-22,87.54322814941406,83.79000091552734,116.76842498779297,234.81321716308594,130.99790954589844
2022-12-23,89.00959777832031,85.25,117.6856689453125,235.34556579589844,130.63136291503906
2022-12-27,87.17414093017578,83.04000091552734,116.52914428710938,233.6006622314453,128.8184051513672
2022-12-28,85.80752563476562,81.81999969482422,115.2729263305664,231.2051239013672,124.86559295654297
2022-12-29,88.23152160644531,84.18000030517578,119.89900207519531,237.59323120117188,128.40232849121094
2022-12-30,88.01206970214844,84.0,119.978759765625,236.4201202392578,128.71934509277344
2023-01-03,88.89987182617188,85.81999969482422,124.36555480957031,236.1835174560547,123.90463256835938
2023-01-04,87.86243438720703,85.13999938964844,126.98765563964844,225.85208129882812,125.18260955810547
2023-01-05,85.9870834350586,83.12000274658203,126.55895233154297,219.15835571289062,123.85509490966797
2023-01-06,87.12425994873047,86.08000183105469,129.62969970703125,221.7412109375,128.4122314453125
2023-01-09,87.80258178710938,87.36000061035156,129.0813446044922,223.900146484375,128.93727111816406
2023-01-10,88.20159149169922,89.87000274658203,132.59078979492188,225.60565185546875,129.5118865966797
2023-01-11,91.29393768310547,95.08999633789062,132.4910888671875,232.4275360107422,132.24618530273438
2023-01-12,90.90489959716797,95.2699966430664,136.2996063232422,235.12867736816406,132.1669158935547
2023-01-13,91.89246368408203,98.12000274658203,136.56881713867188,235.83847045898438,133.50433349609375
2023-01-17,91.06451416015625,96.05000305175781,134.95367431640625,236.94259643554688,134.67333984375
2023-01-18,90.89493560791016,95.45999908447266,132.62069702148438,232.46697998046875,133.95016479492188
2023-01-19,92.8201675415039,93.68000030517578,135.7412872314453,228.64195251464844,134.00961303710938
2023-01-20,97.77788543701172,97.25,138.9516143798828,236.814453125,136.5853729248047
2023-01-23,99.54351806640625,97.5199966430664,142.83993530273438,239.1409912109375,139.795166015625
2023-01-24,97.45867156982422,96.31999969482422,142.71031188964844,238.60862731933594,141.20193481445312
2023-01-25,94.98480224609375,97.18000030517578,141.0752410888672,237.19891357421875,140.53817749023438
2023-01-26,97.27912139892578,99.22000122070312,146.8578338623047,244.48414611816406,142.61862182617188
2023-01-27,99.12455749511719,102.23999786376953,151.2845001220703,244.64187622070312,144.57025146484375
2023-01-30,96.70055389404297,100.55000305175781,146.61856079101562,239.2691650390625,141.66754150390625
2023-01-31,98.59586334228516,103.12999725341797,148.52281188964844,244.29684448242188,142.94552612304688
2023-02-01,100.18193817138672,105.1500015258789,152.6603546142578,249.1667938232422,144.0749053955078
2023-02-02,107.473876953125,112.91000366210938,188.20333862304688,260.8488464355469,149.41470336914062
2023-02-03,104.52118682861328,103.38999938964844,185.97007751464844,254.68746948242188,153.06040954589844
2023-02-06,102.64582824707031,102.18000030517578,185.50146484375,253.1298065185547,150.3162078857422
2023-02-07,107.3741226196289,102.11000061035156,191.04478454589844,263.7668762207031,153.208984375
2023-02-08,99.12455749511719,100.05000305175781,182.87936401367188,262.9486389160156,150.50442504882812
2023-02-09,94.77532196044922,98.23999786376953,177.38592529296875,259.8826904296875,149.46421813964844
2023-02-10,94.3364028930664,97.61000061035156,173.62722778320312,259.37005615234375,149.8313446044922
2023-02-13,94.37631225585938,99.54000091552734,178.89137268066406,267.4736022949219,152.64920043945312
2023-02-14,94.44613647460938,99.69999694824219,178.94122314453125,268.3115234375,152.00425720214844
2023-02-15,96.70055389404297,101.16000366210938,176.62818908691406,266.1668701171875,154.1176300048828
2023-02-16,95.27408599853516,98.1500015258789,171.92236328125,259.0808410644531,152.51028442382812
2023-02-17,94.11695098876953,97.19999694824219,172.3610382080078,255.0387420654297,151.3593292236328
2023-02-21,91.56327819824219,94.58000183105469,171.5634307861328,249.71185302734375,147.32110595703125
2023-02-22,91.42362213134766,95.79000091552734,170.6063232421875,248.56539916992188,147.7477264404297
2023-02-23,90.66549682617188,95.81999969482422,171.5235595703125,251.78724670410156,148.23391723632812
2023-02-24,88.90984344482422,93.5,169.87852478027344,246.30223083496094,145.56491088867188
2023-02-27,89.64801788330078,93.76000213623047,169.0310516357422,247.23121643066406,146.76547241210938
2023-02-28,89.8375473022461,94.2300033569336,174.41485595703125,246.4998779296875,146.25946044921875
2023-03-01,90.13681030273438,92.16999816894531,172.89942932128906,243.38677978515625,144.1758270263672
2023-03-02,91.77275085449219,92.12999725341797,174.006103515625,248.17010498046875,144.77117919921875
2023-03-03,93.4186782836914,94.9000015258789,184.69390869140625,252.30116271972656,149.85116577148438
2023-03-06,94.89501953125,93.75,184.34495544433594,253.8626708984375,152.6293487548828
2023-03-07,93.62816619873047,93.55000305175781,183.9561309814453,251.17453002929688,150.416748046875
2023-03-08,94.01719665527344,93.91999816894531,184.4147491455078,250.7297821044922,151.6768341064453
2023-03-09,92.09196472167969,92.25,181.14459228515625,249.36595153808594,149.4146270751953
2023-03-10,90.40613555908203,90.7300033569336,178.97113037109375,245.67958068847656,147.3409423828125
2023-03-13,90.88495635986328,92.43000030517578,180.35696411132812,250.9471893310547,149.29559326171875
2023-03-14,93.7378921508789,94.87999725341797,193.4375762939453,257.7367858886719,151.39901733398438
2023-03-15,95.87260437011719,96.19999694824219,197.15638732910156,262.3323669433594,151.7958984375
2023-03-16,100.07220458984375,100.04000091552734,204.31483459472656,272.96636962890625,154.6335906982422
2023-03-17,101.3689956665039,98.94999694824219,195.02281188964844,276.1585388183594,153.79019165039062
2023-03-20,100.96998596191406,97.70999908447266,197.21621704101562,269.0428161621094,156.17147827148438
2023-03-21,104.66084289550781,100.61000061035156,201.5531463623047,270.5746765136719,158.03680419921875
2023-03-22,103.11467742919922,98.69999694824219,199.210205078125,269.1021423339844,156.59811401367188
2023-03-23,105.33916473388672,98.70999908447266,203.66677856445312,274.4092712402344,157.6895294189453
2023-03-24,105.1795654296875,98.12999725341797,205.39158630371094,277.28521728515625,158.99923706054688
2023-03-27,102.20692443847656,98.04000091552734,202.23110961914062,273.1442565917969,157.0446014404297
2023-03-28,100.78044891357422,97.23999786376953,200.0775909423828,272.0077209472656,156.4195098876953
2023-03-29,101.13955688476562,100.25,204.7335662841797,277.2259216308594,159.51516723632812
2023-03-30,100.64079284667969,102.0,207.21609497070312,280.7244567871094,161.09275817871094
2023-03-31,103.47378540039062,103.29000091552734,211.3037872314453,284.9247131347656,163.61294555664062
2023-04-03,104.10222625732422,102.41000366210938,212.430419921875,283.8672790527344,164.8730010986328
2023-04-04,104.46133422851562,103.94999694824219,214.075439453125,283.8178405761719,164.33724975585938
2023-04-05,104.21195983886719,101.0999984741211,210.8451690673828,281.0110778808594,162.48182678222656
2023-04-06,108.1521987915039,102.05999755859375,215.45132446289062,288.18609619140625,163.37481689453125
2023-04-10,106.17709350585938,102.16999816894531,214.1053466796875,286.001953125,160.76531982421875
2023-04-11,105.08977508544922,99.91999816894531,213.20806884765625,279.5187072753906,159.544921875
2023-04-12,104.38153076171875,97.83000183105469,213.35760498046875,280.1710205078125,158.85040283203125
2023-04-13,107.16464233398438,102.4000015258789,219.68853759765625,286.4466247558594,164.2677764892578
2023-04-14,108.60108184814453,102.51000213623047,220.8251190185547,282.7900085449219,163.92051696777344
2023-04-17,105.708251953125,102.73999786376953,218.2030029296875,285.4188232421875,163.94033813476562
2023-04-18,104.24188232421875,102.30000305175781,217.23593139648438,284.9938659667969,165.17068481445312
2023-04-19,103.92266845703125,104.30000305175781,215.05250549316406,285.072998046875,166.32164001464844
2023-04-20,105.0299301147461,103.80999755859375,212.430419921875,282.7603759765625,165.34927368164062
2023-04-21,105.1496353149414,106.95999908447266,212.2509307861328,282.4144287109375,163.7320098876953
2023-04-24,105.708251953125,106.20999908447266,212.15122985839844,278.47113037109375,164.03958129882812
2023-04-25,103.5934829711914,102.56999969482422,206.9269561767578,272.1955261230469,162.49176025390625
2023-04-26,103.4538345336914,104.9800033569336,208.7714080810547,291.9118957519531,162.48182678222656
2023-04-27,107.32424926757812,109.81999969482422,237.84388732910156,301.26116943359375,167.0955352783203
2023-04-28,107.07485961914062,105.44999694824219,239.59860229492188,303.6627502441406,168.3556365966797
2023-05-01,106.9352035522461,102.05000305175781,242.4499969482422,301.98260498046875,168.26632690429688
2023-05-02,105.05985260009766,103.62999725341797,238.52183532714844,301.8343811035156,167.22451782226562
2023-05-03,105.1496353149414,103.6500015258789,236.3184814453125,300.836181640625,166.1430206298828
2023-05-04,104.4314193725586,104.0,232.8190155029297,301.8343811035156,164.49600219726562
2023-05-05,105.30923461914062,105.66000366210938,232.0812225341797,307.01300048828125,172.2152557373047
2023-05-08,107.50379943847656,105.83000183105469,232.56976318359375,305.03643798828125,172.1457977294922
2023-05-09,107.0848388671875,106.62000274658203,232.66944885253906,303.40576171875,170.4293212890625
2023-05-10,111.4739761352539,110.19000244140625,232.38034057617188,308.6535949707031,172.20533752441406
2023-05-11,116.28206634521484,112.18000030517578,235.0821990966797,306.47930908203125,172.39385986328125
2023-05-12,117.21974182128906,110.26000213623047,233.10812377929688,305.35272216796875,171.45989990234375
2023-05-15,116.22221374511719,111.19999694824219,238.14297485351562,305.8369445800781,170.963134765625
2023-05-16,119.21480560302734,113.4000015258789,238.10311889648438,308.09027099609375,170.963134765625
2023-05-17,120.54151916503906,115.5,241.7620849609375,311.002197265625,171.5791473388672
2023-05-18,122.52660369873047,118.1500015258789,246.1090087890625,315.47906494140625,173.9239501953125
2023-05-19,122.45677947998047,116.25,244.90261840820312,315.3007507324219,174.03323364257812
2023-05-22,124.74111938476562,115.01000213623047,247.5745849609375,318.1136169433594,173.07940673828125
2023-05-23,122.25726318359375,114.98999786376953,245.9993438720703,312.2501525878906,170.45639038085938
2023-05-24,120.60137176513672,116.75,248.4619140625,310.8536071777344,170.73458862304688
2023-05-25,123.17500305175781,115.0,251.93145751953125,322.80841064453125,171.877197265625
2023-05-26,124.30220794677734,120.11000061035156,261.2533874511719,329.71185302734375,174.30149841308594
2023-05-30,123.36453247070312,121.66000366210938,261.7319641113281,328.04791259765625,176.15945434570312
2023-05-31,122.56651306152344,120.58000183105469,263.92535400390625,325.2548522949219,176.1098175048828
2023-06-01,123.4144058227539,122.7699966430664,271.79168701171875,329.40478515625,178.9315185546875
2023-06-02,124.36205291748047,124.25,271.79168701171875,332.1978759765625,179.78599548339844
2023-06-05,125.6987533569336,125.30000305175781,270.5753479003906,332.7327575683594,178.4248046875
2023-06-06,126.99553680419922,126.61000061035156,270.3061218261719,330.49432373046875,178.0572052001953
2023-06-07,122.19741821289062,121.2300033569336,262.8087158203125,320.2926330566406,176.67613220214844
2023-06-08,121.83831024169922,124.25,263.7857666015625,322.1547546386719,179.408447265625
2023-06-09,121.92809295654297,123.43000030517578,264.1546936035156,323.67010498046875,179.7959442138672
2023-06-12,123.33460235595703,126.56999969482422,270.236328125,328.6817626953125,182.6077117919922
2023-06-13,123.52413940429688,126.66000366210938,270.50555419921875,331.0985107421875,182.1308135986328
2023-06-14,123.36453247070312,126.41999816894531,272.52947998046875,334.119384765625,182.76669311523438
2023-06-15,124.78101348876953,127.11000061035156,280.9839782714844,344.7766418457031,184.81344604492188
2023-06-16,123.2248764038086,125.48999786376953,280.156494140625,339.06170654296875,183.73045349121094
2023-06-20,122.79593658447266,125.77999877929688,283.4764709472656,334.8226013183594,183.8198699951172
2023-06-21,120.25223541259766,124.83000183105469,280.7945861816406,330.3754577636719,182.77664184570312
2023-06-22,122.84581756591797,130.14999389648438,284.02484130859375,336.4667053222656,185.7970733642578
2023-06-23,122.03780364990234,129.3300018310547,287.8633117675781,331.821533203125,185.4791259765625
2023-06-26,118.04768371582031,127.33000183105469,277.6340637207031,325.46282958984375,184.07821655273438
2023-06-27,118.0377197265625,129.17999267578125,286.18829345703125,331.3758239746094,186.85025024414062
2023-06-28,119.88314819335938,129.0399932861328,284.4336242675781,332.6435852050781,188.03260803222656
2023-06-29,118.80581665039062,127.9000015258789,280.68487548828125,331.8512268066406,188.3704071044922
2023-06-30,119.40433502197266,130.36000061035156,286.1185302734375,337.2888488769531,192.7222442626953
2023-07-03,119.60384368896484,130.22000122070312,285.1614074707031,334.7631530761719,191.2219696044922
2023-07-05,121.44927215576172,130.3800048828125,293.486328125,334.921630859375,190.09922790527344
2023-07-06,119.81332397460938,128.36000061035156,291.1134948730469,338.0118408203125,190.57614135742188
2023-07-07,119.18488311767578,129.77999877929688,289.6578674316406,334.0005187988281,189.45339965820312
2023-07-10,116.162353515625,127.12999725341797,293.2171630859375,328.66192626953125,187.396728515625
2023-07-11,116.85066223144531,128.77999877929688,297.39459228515625,329.2958679199219,186.87013244628906
2023-07-12,118.63623809814453,130.8000030517578,308.4114074707031,333.9807434082031,188.54925537109375
2023-07-13,124.23238372802734,134.3000030517578,312.4692077636719,339.3885803222656,189.31430053710938
2023-07-14,125.1102066040039,134.67999267578125,307.94281005859375,341.94390869140625,189.4633331298828
2023-07-17,124.34210968017578,133.55999755859375,309.68756103515625,342.4292907714844,192.7421112060547
2023-07-18,123.45430755615234,132.8300018310547,311.1132507324219,356.0578918457031,192.4837646484375
2023-07-19,121.72857666015625,135.36000061035156,315.0614013671875,351.69000244140625,193.844970703125
2023-07-20,118.90556335449219,129.9600067138672,301.6119079589844,343.55841064453125,191.88763427734375
2023-07-21,119.72354125976562,130.0,293.3766784667969,340.48797607421875,190.70530700683594
2023-07-24,121.22981262207031,128.8000030517578,290.734619140625,341.8151550292969,191.51010131835938
2023-07-25,121.90813446044922,129.1300048828125,293.5860595703125,347.629150390625,192.37448120117188
2023-07-26,128.95069885253906,128.14999389648438,297.67376708984375,334.54522705078125,193.2488250732422
2023-07-27,129.0803680419922,128.25,310.7742919921875,327.5625915527344,191.97706604003906
2023-07-28,132.2525177001953,132.2100067138672,324.5029602050781,335.1395263671875,194.57029724121094
2023-07-31,132.39218139648438,133.67999267578125,317.64361572265625,332.71295166015625,195.18629455566406
2023-08-01,131.22506713867188,131.69000244140625,321.74127197265625,333.12890625,194.3516845703125
2023-08-02,128.06289672851562,128.2100067138672,313.3664855957031,324.373291015625,191.3411865234375
2023-08-03,128.13272094726562,128.91000366210938,312.2498779296875,323.5413513183594,189.9402618408203
2023-08-04,127.7935562133789,139.57000732421875,309.7972412109375,324.650634765625,180.81932067871094
2023-08-07,131.20510864257812,142.22000122070312,315.6097106933594,326.95843505859375,177.6995086669922
2023-08-08,131.07542419433594,139.94000244140625,311.7015380859375,322.9371337890625,178.6433868408203
2023-08-09,129.33973693847656,137.85000610351562,304.2938232421875,319.15362548828125,177.04376220703125
2023-08-10,129.3696746826172,138.55999755859375,304.82220458984375,319.846923828125,176.82516479492188
2023-08-11,129.23997497558594,138.41000366210938,300.7345275878906,317.9452819824219,176.88487243652344
2023-08-14,131.00559997558594,140.57000732421875,305.2708740234375,320.94635009765625,178.54637145996094
2023-08-15,129.45944213867188,137.6699981689453,301.0436096191406,318.7871398925781,176.54660034179688
2023-08-16,128.38211059570312,135.07000732421875,293.4065856933594,318.0129699707031,175.67108154296875
2023-08-17,129.59909057617188,133.97999572753906,284.23419189453125,314.5191955566406,173.11415100097656
2023-08-18,127.1451644897461,133.22000122070312,282.3997497558594,314.1221923828125,173.60166931152344
2023-08-21,128.05291748046875,134.67999267578125,289.0297546386719,319.4819641113281,174.9447784423828
2023-08-22,128.76116943359375,134.25,286.7366638183594,320.0576171875,176.32769775390625
2023-08-23,132.04302978515625,135.52000427246094,293.35675048828125,324.5638122558594,180.19790649414062
2023-08-24,129.45944213867188,131.83999633789062,285.88922119140625,317.586181640625,175.48204040527344
2023-08-25,129.55918884277344,133.25999450683594,284.64300537109375,320.5737609863281,177.70069885253906
2023-08-28,130.68638610839844,133.13999938964844,289.3887023925781,321.28839111328125,179.2726593017578
2023-08-29,134.23760986328125,134.91000366210938,297.0954895019531,325.9632873535156,183.18263244628906
2023-08-30,135.54437255859375,135.07000732421875,294.21417236328125,326.3404541015625,186.6946563720703
2023-08-31,135.8336639404297,138.00999450683594,295.0018005371094,325.31817626953125,186.91354370117188
2023-09-01,135.32492065429688,138.1199951171875,295.4903259277344,326.2114562988281,188.49546813964844
2023-09-05,135.4346466064453,137.27000427246094,299.2489929199219,331.0649719238281,188.73422241210938
2023-09-06,134.1278839111328,135.36000061035156,298.2719421386719,330.4000244140625,181.9788055419922
2023-09-07,134.92588806152344,137.85000610351562,297.7734680175781,327.4521484375,176.65602111816406
2023-09-08,136.0431365966797,138.22999572753906,296.99578857421875,331.77960205078125,177.27285766601562
2023-09-11,136.581787109375,143.10000610351562,306.6367492675781,335.42230224609375,178.4468536376953
2023-09-12,135.00570678710938,141.22999572753906,300.75445556640625,329.2982482910156,175.40245056152344
2023-09-13,136.37232971191406,144.85000610351562,304.1442565917969,333.55633544921875,173.32308959960938
2023-09-14,137.75889587402344,144.72000122070312,310.78424072265625,336.1766357421875,174.84530639648438
2023-09-15,137.06060791015625,140.38999938964844,299.4084777832031,327.7597961425781,174.11900329589844
2023-09-18,137.86862182617188,139.97999572753906,301.6418151855469,326.60845947265625,177.06394958496094
2023-09-19,137.6990203857422,137.6300048828125,304.15423583984375,326.20147705078125,178.15834045410156
2023-09-20,133.40965270996094,135.2899932861328,298.77044677734375,318.3802185058594,174.59658813476562
2023-09-21,130.11781311035156,129.3300018310547,294.8422546386719,317.1494445800781,173.0445098876953
2023-09-22,129.9282684326172,129.1199951171875,298.18218994140625,314.64825439453125,173.90013122558594
2023-09-25,130.78614807128906,131.27000427246094,299.9269104003906,315.1742858886719,175.18356323242188
2023-09-26,128.25244140625,125.9800033569336,298.06256103515625,309.81451416015625,171.0845489501953
2023-09-27,130.21755981445312,125.9800033569336,296.8462219238281,310.4596862792969,169.56231689453125
2023-09-28,131.98318481445312,125.9800033569336,303.0475769042969,311.3033752441406,169.82101440429688
2023-09-29,130.53677368164062,127.12000274658203,299.308837890625,313.39764404296875,170.33836364746094
2023-10-02,133.83859252929688,129.4600067138672,305.89898681640625,319.40252685546875,172.86541748046875
2023-10-03,132.10289001464844,124.72000122070312,300.0366516113281,311.05517578125,171.5222930908203
2023-10-04,134.9059600830078,127.0,304.6626892089844,316.5837097167969,172.77587890625
2023-10-05,134.7363739013672,125.95999908447266,303.8750915527344,316.9806823730469,174.01953125
2023-10-06,137.24017333984375,127.95999908447266,314.4831237792969,324.8218688964844,176.58639526367188
2023-10-09,138.07809448242188,128.25999450683594,317.4043273925781,327.3628234863281,178.07875061035156
2023-10-10,137.718994140625,129.47999572753906,320.8739013671875,325.9434814453125,177.4818115234375
2023-10-11,140.20285034179688,131.8300018310547,326.8359375,329.9434509277344,178.88462829589844
2023-10-12,138.62673950195312,132.3300018310547,323.1869201660156,328.69281005859375,179.7899932861328
2023-10-13,137.0207061767578,129.7899932861328,313.745361328125,325.28839111328125,177.93948364257812
2023-10-16,138.7564239501953,132.5500030517578,320.1859436035156,330.16180419921875,177.81011962890625
2023-10-17,139.37489318847656,131.47000122070312,323.0273742675781,329.5860900878906,176.24810791015625
2023-10-18,137.61923217773438,128.1300048828125,316.0185241699219,327.6506652832031,174.9447784423828
2023-10-19,137.4097442626953,128.39999389648438,311.8709716796875,328.85162353515625,174.5667266845703
2023-10-20,135.26507568359375,125.16999816894531,307.72344970703125,324.2362976074219,171.99986267089844
2023-10-23,136.162841796875,126.55999755859375,313.0673828125,326.86651611328125,172.11924743652344
2023-10-24,138.4671173095703,128.55999755859375,311.6117858886719,328.0675048828125,172.55702209472656
2023-10-25,125.29973602294922,121.38999938964844,298.630859375,338.1319580078125,170.2289276123047
2023-10-26,121.97795867919922,119.56999969482422,287.48443603515625,325.4471740722656,166.0403594970703
2023-10-27,121.86823272705078,127.73999786376953,295.8392639160156,327.3528747558594,167.36358642578125
2023-10-30,124.15258026123047,132.7100067138672,301.75146484375,334.7969970703125,169.42303466796875
2023-10-31,123.77352142333984,133.08999633789062,300.3656311035156,335.59100341796875,169.90060424804688
2023-11-01,126.13765716552734,137.0,310.9138488769531,343.49176025390625,173.08432006835938
2023-11-02,127.17509460449219,138.07000732421875,309.9367980957031,345.7249450683594,176.66598510742188
2023-11-03,128.7811279296875,138.60000610351562,313.6556396484375,350.1716003417969,175.75067138671875
2023-11-06,129.9282684326172,139.74000549316406,314.85198974609375,353.8738098144531,178.31753540039062
2023-11-07,130.64649963378906,142.7100067138672,317.86297607421875,357.8440246582031,180.8943634033203
2023-11-08,131.51434326171875,142.0800018310547,318.820068359375,360.4941101074219,181.95887756347656
2023-11-09,129.91830444335938,140.60000610351562,319.5877380371094,358.0028076171875,181.48135375976562
2023-11-10,132.2624969482422,143.55999755859375,327.7830810546875,366.9159240722656,185.69534301757812
2023-11-13,131.7637176513672,142.58999633789062,328.2018127441406,363.9481506347656,184.1013946533203
2023-11-14,133.28994750976562,145.8000030517578,335.3004455566406,367.51141357421875,186.73141479492188
2023-11-15,134.2874755859375,143.1999969482422,331.71124267578125,367.6606140136719,187.29925537109375
2023-11-16,136.59178161621094,142.8300018310547,333.1867980957031,374.12530517578125,188.9928436279297
2023-11-17,134.97576904296875,145.17999267578125,334.0343017578125,367.8396301269531,188.97291564941406
2023-11-20,135.91346740722656,146.1300048828125,338.949462890625,375.3883972167969,190.72625732421875
2023-11-21,136.63168334960938,143.89999389648438,335.9684143066406,371.0421447753906,189.91932678222656
2023-11-22,138.14791870117188,146.7100067138672,340.46490478515625,375.7961730957031,190.5867919921875
2023-11-24,136.3523712158203,146.74000549316406,337.2146911621094,375.37841796875,189.25186157226562
2023-11-27,136.0730743408203,147.72999572753906,333.6953125,376.552001953125,189.07252502441406
2023-11-28,136.86109924316406,147.02999877929688,337.972412109375,380.61981201171875,189.6802215576172
2023-11-29,134.6565704345703,146.32000732421875,331.20281982421875,376.7907409667969,188.6541290283203
2023-11-30,132.20263671875,146.08999633789062,326.1679382324219,376.8503723144531,189.23191833496094
2023-12-01,131.5343017578125,147.02999877929688,323.844970703125,372.47430419921875,190.51705932617188
2023-12-04,128.95069885253906,144.83999633789062,319.0593566894531,367.1335144042969,188.71388244628906
2023-12-05,130.6664581298828,146.8800048828125,317.3345642089844,370.4951171875,192.68881225585938
2023-12-06,129.6988525390625,144.52000427246094,316.4970703125,366.79534912109375,191.59298706054688
2023-12-07,136.59178161621094,146.8800048828125,325.609619140625,368.9336853027344,193.5355987548828
2023-12-08,134.6565704345703,147.4199981689453,331.7511291503906,372.1958312988281,194.97015380859375
2023-12-11,132.96075439453125,145.88999938964844,324.3035583496094,369.28173828125,192.44972229003906
2023-12-12,132.1926727294922,147.47999572753906,333.21673583984375,372.3450012207031,193.9739532470703
2023-12-13,132.2425537109375,148.83999633789062,333.7351379394531,372.3350830078125,197.21165466308594
2023-12-14,131.6140899658203,147.4199981689453,332.16986083984375,363.94097900390625,197.361083984375
2023-12-15,132.27247619628906,149.97000122070312,333.9146423339844,368.7148742675781,196.8231201171875
2023-12-18,135.46456909179688,154.07000732421875,343.5854797363281,370.6244201660156,195.14947509765625
2023-12-19,136.31246948242188,153.7899932861328,349.3082580566406,371.2311096191406,196.1955108642578
2023-12-20,137.998291015625,152.1199951171875,348.2315368652344,368.6054382324219,194.09349060058594
2023-12-21,140.07315063476562,153.83999633789062,353.0270690917969,371.5096130371094,193.94403076171875
2023-12-22,141.14051818847656,153.4199981689453,352.32916259765625,372.5439147949219,192.86813354492188
2023-12-26,141.17044067382812,153.41000366210938,353.76483154296875,372.6235046386719,192.32022094726562
2023-12-27,140.0232696533203,153.33999633789062,356.755859375,372.0367126464844,192.41983032226562
2023-12-28,139.8836212158203,153.3800048828125,357.2444152832031,373.2401123046875,192.84820556640625
2023-12-29,139.34495544433594,151.94000244140625,352.8974914550781,373.9960021972656,191.8021697998047
